ID,S,st,r,ar,ma,v,ls,fl,slday,fm,Return,Ann.Ret,MaxDD,Calmar,Sharpe,Volatility,WinRate,Trades,AvgHoldDays,Turnover,Y2023,Y2024,Y2025,Y2026
round1a_switches_arF-1_flF-.95_lsT-.97_maF-20_stF-10-0,"[0, 5]",-,-,-,-,-,✓,-,-,F/F/T,253.0%,51.3%,34.1%,1.51,1.33,35.7%,47.8%,337,5.2,0.47,8.0%,20.1%,106.0%,32.1%
round1a_switches_arF-1_flT-.95_lsT-.97_maF-20_stF-10-0,"[0, 5]",-,-,-,-,-,✓,✓,-,F/F/T,263.3%,52.8%,36.1%,1.46,1.38,35.3%,47.6%,340,5.2,0.48,5.3%,14.3%,128.4%,32.1%
round1a_switches_arF-1_flF-.95_lsF-.97_maF-20_stF-10-0,"[0, 5]",-,-,-,-,-,-,-,-,F/F/T,213.7%,45.6%,34.4%,1.33,1.11,37.5%,49.4%,330,5.4,0.47,22.6%,-5.7%,104.8%,32.6%
round1a_switches_arF-1_flT-.95_lsF-.97_maF-20_stF-10-0,"[0, 5]",-,-,-,-,-,-,✓,-,F/F/T,241.5%,49.7%,40.4%,1.23,1.25,36.7%,49.0%,339,5.4,0.48,13.8%,-1.8%,130.6%,32.6%
round1a_switches_arF-1_flF-.95_lsT-.97_maT-20_stF-10-0,"[0, 5]",-,-,-,✓,-,✓,-,-,F/F/T,223.5%,47.1%,38.1%,1.24,1.21,35.7%,48.1%,341,5.3,0.47,4.8%,13.3%,106.2%,32.1%
round1a_switches_arF-1_flT-.95_lsT-.97_maT-20_stF-10-0,"[0, 5]",-,-,-,✓,-,✓,✓,-,F/F/T,232.6%,48.4%,39.9%,1.21,1.26,35.3%,47.8%,343,5.3,0.48,2.3%,7.7%,128.6%,32.1%
round1a_switches_arF-1_flF-.95_lsF-.97_maT-20_stF-10-0,"[0, 5]",-,-,-,✓,-,-,-,-,F/F/T,190.6%,42.0%,36.1%,1.16,1.02,37.4%,48.7%,337,5.4,0.47,23.3%,-10.4%,107.4%,26.9%
round1a_switches_arF-1_flT-.95_lsF-.97_maT-20_stF-10-0,"[0, 5]",-,-,-,✓,-,-,✓,-,F/F/T,182.6%,40.7%,41.1%,0.99,1.00,36.8%,48.3%,344,5.4,0.48,11.6%,-13.5%,130.6%,26.9%
round1a_switches_arT-1_flF-.95_lsT-.97_maF-20_stF-10-0,"[0, 5]",-,-,✓,-,-,✓,-,-,F/F/T,260.7%,52.4%,31.9%,1.64,1.36,35.6%,49.1%,338,5.2,0.47,9.6%,23.3%,102.1%,32.1%
round1a_switches_arT-1_flT-.95_lsT-.97_maF-20_stF-10-0,"[0, 5]",-,-,✓,-,-,✓,✓,-,F/F/T,271.0%,53.8%,34.0%,1.59,1.42,35.1%,48.8%,340,5.2,0.48,6.9%,17.3%,124.1%,32.1%
round1a_switches_arT-1_flF-.95_lsF-.97_maF-20_stF-10-0,"[0, 5]",-,-,✓,-,-,-,-,-,F/F/T,182.7%,40.7%,40.7%,1.00,0.97,37.9%,50.0%,330,5.4,0.46,5.4%,-1.6%,105.5%,32.6%
round1a_switches_arT-1_flT-.95_lsF-.97_maF-20_stF-10-0,"[0, 5]",-,-,✓,-,-,-,✓,-,F/F/T,212.0%,45.3%,47.9%,0.95,1.11,37.1%,49.7%,338,5.4,0.48,-2.2%,3.9%,131.5%,32.6%
round1a_switches_arT-1_flF-.95_lsT-.97_maT-20_stF-10-0,"[0, 5]",-,-,✓,✓,-,✓,-,-,F/F/T,240.6%,49.6%,35.7%,1.39,1.28,35.7%,49.0%,337,5.4,0.47,7.4%,18.8%,102.2%,32.1%
round1a_switches_arT-1_flT-.95_lsT-.97_maT-20_stF-10-0,"[0, 5]",-,-,✓,✓,-,✓,✓,-,F/F/T,250.1%,50.9%,37.6%,1.35,1.34,35.1%,48.7%,339,5.4,0.47,4.7%,12.9%,124.0%,32.1%
round1a_switches_arT-1_flF-.95_lsF-.97_maT-20_stF-10-0,"[0, 5]",-,-,✓,✓,-,-,-,-,F/F/T,171.7%,38.9%,42.8%,0.91,0.92,37.8%,48.9%,333,5.5,0.46,7.6%,-4.4%,108.1%,26.9%
round1a_switches_arT-1_flT-.95_lsF-.97_maT-20_stF-10-0,"[0, 5]",-,-,✓,✓,-,-,✓,-,F/F/T,164.0%,37.6%,47.9%,0.78,0.90,37.3%,48.5%,340,5.5,0.47,-2.7%,-7.7%,131.4%,26.9%
round1a_switches_arF-1_flF-.95_lsT-.97_maF-20_stT-10-0,"[0, 5]",✓,-,-,-,-,✓,-,-,F/F/T,200.5%,43.5%,37.1%,1.17,1.12,35.4%,48.2%,365,5.3,0.50,6.9%,18.4%,91.0%,24.3%
round1a_switches_arF-1_flT-.95_lsT-.97_maF-20_stT-10-0,"[0, 5]",✓,-,-,-,-,✓,✓,-,F/F/T,212.7%,45.4%,39.2%,1.16,1.18,35.0%,48.0%,367,5.3,0.51,4.3%,13.9%,111.8%,24.3%
round1a_switches_arF-1_flF-.95_lsF-.97_maF-20_stT-10-0,"[0, 5]",✓,-,-,-,-,-,-,-,F/F/T,194.8%,42.6%,35.0%,1.22,1.05,36.8%,49.2%,364,5.4,0.51,22.8%,-6.8%,113.5%,20.7%
round1a_switches_arF-1_flT-.95_lsF-.97_maF-20_stT-10-0,"[0, 5]",✓,-,-,-,-,-,✓,-,F/F/T,218.4%,46.3%,38.1%,1.22,1.16,36.4%,48.9%,368,5.4,0.51,24.1%,-8.4%,131.8%,20.7%
round1a_switches_arF-1_flF-.95_lsT-.97_maT-20_stT-10-0,"[0, 5]",✓,-,-,✓,-,✓,-,-,F/F/T,192.0%,42.2%,37.8%,1.12,1.08,35.4%,48.2%,363,5.3,0.50,5.7%,16.3%,91.0%,24.3%
round1a_switches_arF-1_flT-.95_lsT-.97_maT-20_stT-10-0,"[0, 5]",✓,-,-,✓,-,✓,✓,-,F/F/T,203.9%,44.1%,39.8%,1.11,1.14,35.1%,47.9%,365,5.3,0.51,3.1%,11.9%,111.7%,24.3%
round1a_switches_arF-1_flF-.95_lsF-.97_maT-20_stT-10-0,"[0, 5]",✓,-,-,✓,-,-,-,-,F/F/T,161.9%,37.2%,35.4%,1.05,0.90,36.8%,49.0%,361,5.4,0.50,21.4%,-7.1%,96.7%,18.0%
round1a_switches_arF-1_flT-.95_lsF-.97_maT-20_stT-10-0,"[0, 5]",✓,-,-,✓,-,-,✓,-,F/F/T,182.8%,40.7%,38.4%,1.06,1.01,36.4%,48.8%,365,5.4,0.51,22.8%,-8.6%,113.4%,18.0%
round1a_switches_arT-1_flF-.95_lsT-.97_maF-20_stT-10-0,"[0, 5]",✓,-,✓,-,-,✓,-,-,F/F/T,239.3%,49.4%,32.2%,1.53,1.29,35.3%,49.6%,361,5.4,0.51,12.0%,26.2%,93.1%,24.3%
round1a_switches_arT-1_flT-.95_lsT-.97_maF-20_stT-10-0,"[0, 5]",✓,-,✓,-,-,✓,✓,-,F/F/T,253.1%,51.4%,32.7%,1.57,1.37,34.7%,49.3%,363,5.4,0.51,9.3%,21.4%,114.1%,24.3%
round1a_switches_arT-1_flF-.95_lsF-.97_maF-20_stT-10-0,"[0, 5]",✓,-,✓,-,-,-,-,-,F/F/T,181.2%,40.5%,40.3%,1.00,0.98,37.2%,50.3%,362,5.5,0.50,9.4%,-0.7%,114.4%,20.7%
round1a_switches_arT-1_flT-.95_lsF-.97_maF-20_stT-10-0,"[0, 5]",✓,-,✓,-,-,-,✓,-,F/F/T,203.5%,44.0%,43.2%,1.02,1.09,36.8%,50.0%,366,5.5,0.51,10.5%,-2.2%,132.7%,20.7%
round1a_switches_arT-1_flF-.95_lsT-.97_maT-20_stT-10-0,"[0, 5]",✓,-,✓,✓,-,✓,-,-,F/F/T,230.9%,48.2%,32.7%,1.47,1.25,35.3%,49.6%,361,5.5,0.50,11.2%,24.0%,93.1%,24.3%
round1a_switches_arT-1_flT-.95_lsT-.97_maT-20_stT-10-0,"[0, 5]",✓,-,✓,✓,-,✓,✓,-,F/F/T,244.2%,50.1%,33.2%,1.51,1.33,34.7%,49.3%,363,5.5,0.51,8.5%,19.2%,114.0%,24.3%
round1a_switches_arT-1_flF-.95_lsF-.97_maT-20_stT-10-0,"[0, 5]",✓,-,✓,✓,-,-,-,-,F/F/T,147.5%,34.7%,40.5%,0.86,0.83,37.1%,49.9%,361,5.5,0.49,8.6%,-2.1%,97.3%,18.0%
round1a_switches_arT-1_flT-.95_lsF-.97_maT-20_stT-10-0,"[0, 5]",✓,-,✓,✓,-,-,✓,-,F/F/T,167.3%,38.1%,43.4%,0.88,0.93,36.8%,49.6%,365,5.5,0.50,9.7%,-3.7%,114.3%,18.0%
round1b_switches_arF-1_lsT-.97_maF-20_sldayT-3_stF-10-0,"[0, 5]",-,-,-,-,-,✓,✓,✓,F/F/T,306.1%,58.5%,32.5%,1.80,1.62,33.6%,48.5%,338,5.3,0.47,18.9%,15.9%,122.9%,32.1%
round1b_switches_arF-1_lsF-.97_maF-20_sldayT-3_stF-10-0,"[0, 5]",-,-,-,-,-,-,✓,✓,F/F/T,211.5%,45.2%,35.1%,1.29,1.21,34.0%,48.9%,333,5.6,0.46,17.6%,7.6%,90.9%,28.9%
round1b_switches_arF-1_lsT-.97_maT-20_sldayT-3_stF-10-0,"[0, 5]",-,-,-,✓,-,✓,✓,✓,F/F/T,269.6%,53.6%,37.6%,1.43,1.47,33.7%,48.1%,339,5.4,0.47,13.6%,10.4%,123.0%,32.1%
round1b_switches_arF-1_lsF-.97_maT-20_sldayT-3_stF-10-0,"[0, 5]",-,-,-,✓,-,-,✓,✓,F/F/T,141.5%,33.6%,36.1%,0.93,0.87,34.0%,48.1%,339,5.6,0.46,9.3%,-4.5%,82.3%,26.9%
round1b_switches_arT-1_lsT-.97_maF-20_sldayT-3_stF-10-0,"[0, 5]",-,-,✓,-,-,✓,✓,✓,F/F/T,334.1%,62.0%,30.3%,2.05,1.73,33.4%,49.9%,337,5.3,0.48,20.7%,21.3%,124.5%,32.1%
round1b_switches_arT-1_lsF-.97_maF-20_sldayT-3_stF-10-0,"[0, 5]",-,-,✓,-,-,-,✓,✓,F/F/T,189.5%,41.8%,40.8%,1.02,1.10,34.4%,49.5%,331,5.6,0.46,2.1%,15.3%,90.9%,28.9%
round1b_switches_arT-1_lsT-.97_maT-20_sldayT-3_stF-10-0,"[0, 5]",-,-,✓,✓,-,✓,✓,✓,F/F/T,303.4%,58.1%,35.2%,1.65,1.62,33.5%,49.4%,336,5.4,0.47,16.4%,16.9%,124.5%,32.1%
round1b_switches_arT-1_lsF-.97_maT-20_sldayT-3_stF-10-0,"[0, 5]",-,-,✓,✓,-,-,✓,✓,F/F/T,129.2%,31.3%,42.9%,0.73,0.79,34.5%,49.0%,335,5.7,0.46,-3.7%,2.8%,82.4%,26.9%
round1b_switches_arF-1_lsT-.97_maF-20_sldayT-3_stT-10-0,"[0, 5]",✓,-,-,-,-,✓,✓,✓,F/F/T,251.1%,51.1%,38.5%,1.33,1.39,33.9%,48.6%,362,5.4,0.51,12.5%,21.4%,106.7%,24.3%
round1b_switches_arF-1_lsF-.97_maF-20_sldayT-3_stT-10-0,"[0, 5]",✓,-,-,-,-,-,✓,✓,F/F/T,227.0%,47.6%,34.3%,1.39,1.24,35.1%,48.6%,362,5.4,0.51,22.7%,5.6%,109.1%,20.7%
round1b_switches_arF-1_lsT-.97_maT-20_sldayT-3_stT-10-0,"[0, 5]",✓,-,-,✓,-,✓,✓,✓,F/F/T,241.3%,49.7%,39.2%,1.27,1.34,34.0%,48.6%,360,5.4,0.50,11.3%,19.3%,106.7%,24.3%
round1b_switches_arF-1_lsF-.97_maT-20_sldayT-3_stT-10-0,"[0, 5]",✓,-,-,✓,-,-,✓,✓,F/F/T,190.5%,42.0%,34.8%,1.20,1.08,35.0%,48.5%,359,5.5,0.50,21.4%,5.3%,92.5%,18.0%
round1b_switches_arT-1_lsT-.97_maF-20_sldayT-3_stT-10-0,"[0, 5]",✓,-,✓,-,-,✓,✓,✓,F/F/T,295.3%,57.1%,33.7%,1.69,1.58,33.6%,50.0%,358,5.5,0.51,17.9%,25.7%,114.5%,24.3%
round1b_switches_arT-1_lsF-.97_maF-20_sldayT-3_stT-10-0,"[0, 5]",✓,-,✓,-,-,-,✓,✓,F/F/T,214.7%,45.7%,39.2%,1.17,1.18,35.5%,50.0%,360,5.5,0.51,10.3%,12.6%,109.8%,20.7%
round1b_switches_arT-1_lsT-.97_maT-20_sldayT-3_stT-10-0,"[0, 5]",✓,-,✓,✓,-,✓,✓,✓,F/F/T,285.5%,55.8%,34.2%,1.63,1.54,33.6%,50.0%,358,5.5,0.51,17.1%,23.5%,114.5%,24.3%
round1b_switches_arT-1_lsF-.97_maT-20_sldayT-3_stT-10-0,"[0, 5]",✓,-,✓,✓,-,-,✓,✓,F/F/T,177.1%,39.8%,39.5%,1.01,1.01,35.4%,49.6%,359,5.6,0.50,9.5%,10.9%,93.3%,18.0%
round1c_close_Ashare_S0-5_arT-1_flT-.95_fmT-F-T_lsT-.97_sldayT-3,"[0, 5]",-,-,✓,-,-,✓,✓,✓,T/F/T,248.6%,50.7%,23.7%,2.14,1.53,30.6%,51.7%,232,12.3,0.33,9.0%,33.1%,87.7%,28.0%
round1c_close_Ashare_S0-5_flT-.95_fmT-F-T_lsT-.97_sldayT-3,"[0, 5]",-,-,-,-,-,✓,✓,✓,T/F/T,292.7%,56.7%,23.9%,2.37,1.71,30.9%,51.7%,240,12.3,0.34,13.0%,45.2%,86.9%,28.0%
round1c_close_Ashare_S0-5_arT-1_flT-.95_fmT-F-T_lsT-.97_maT-20_sldayT-3,"[0, 5]",-,-,✓,✓,-,✓,✓,✓,T/F/T,236.4%,49.0%,23.4%,2.09,1.47,30.5%,51.1%,229,12.5,0.33,9.2%,34.3%,84.0%,24.6%
round1c_close_Ashare_S0-5_arT-1_flT-.95_fmT-F-T_lsT-.97_sldayT-3_stT-10-0,"[0, 5]",✓,-,✓,-,-,✓,✓,✓,T/F/T,247.4%,50.5%,25.5%,1.98,1.54,30.2%,51.2%,244,12.1,0.35,26.9%,29.4%,65.0%,28.2%
round1c_close_Ashare_S0-5_arT-1_flT-.95_fmT-F-T_lsT-.97_maT-20_sldayT-3_stT-10-0,"[0, 5]",✓,-,✓,✓,-,✓,✓,✓,T/F/T,267.1%,53.3%,20.5%,2.60,1.64,30.0%,50.6%,241,12.1,0.35,26.9%,36.8%,65.1%,28.2%
round2_fine_tuning_S0-8_rT-.4_vT-5-2,"[0, 8]",-,0.4,✓,-,2,✓,✓,✓,F/F/T,261.5%,52.5%,31.2%,1.68,1.40,34.6%,52.3%,304,5.7,0.43,-0.7%,5.4%,157.0%,34.3%
round2_fine_tuning_S0-10_rF-.4_vF-5-1,"[0, 10]",-,-,✓,-,-,✓,✓,✓,F/F/T,156.6%,36.3%,33.2%,1.09,0.88,36.5%,48.3%,292,5.8,0.41,4.1%,-10.9%,124.0%,23.5%
round2_fine_tuning_S0-10_rT-.6_vT-5-1.2,"[0, 10]",-,0.6,✓,-,1.2,✓,✓,✓,F/F/T,202.6%,43.9%,31.6%,1.39,1.17,34.1%,48.5%,330,5.6,0.48,-23.2%,27.2%,147.4%,25.3%
round2_fine_tuning_S0-4_rT-.4_vT-5-2,"[0, 4]",-,0.4,✓,-,2,✓,✓,✓,F/F/T,326.2%,61.0%,24.7%,2.47,1.80,31.6%,53.2%,372,5.1,0.54,11.8%,27.4%,146.1%,21.6%
round2_fine_tuning_S0-5_rF-.4_vT-5-1,"[0, 5]",-,-,✓,-,1,✓,✓,✓,F/F/T,398.5%,69.5%,27.2%,2.55,2.07,31.7%,50.6%,385,5.4,0.54,20.8%,36.4%,133.3%,29.7%
round2_fine_tuning_S0-6_rF-.4_vF-5-1,"[0, 6]",-,-,✓,-,-,✓,✓,✓,F/F/T,137.0%,32.8%,31.3%,1.05,0.84,34.4%,47.8%,322,5.5,0.45,-0.0%,14.4%,63.6%,26.6%
round2_fine_tuning_S0-5_rT-.4_vT-5-.8,"[0, 5]",-,0.4,✓,-,0.8,✓,✓,✓,F/F/T,378.3%,67.2%,25.2%,2.67,1.96,32.2%,52.5%,427,5.3,0.60,6.0%,40.8%,144.5%,31.2%
round2_fine_tuning_S0-6_rT-.5_vT-5-.8,"[0, 6]",-,0.5,✓,-,0.8,✓,✓,✓,F/F/T,217.3%,46.1%,29.5%,1.56,1.29,32.7%,51.7%,410,5.4,0.56,-8.5%,27.3%,108.7%,30.4%
round2_fine_tuning_S0-10_rT-.5_vT-5-.8,"[0, 10]",-,0.5,✓,-,0.8,✓,✓,✓,F/F/T,168.2%,38.3%,38.3%,1.00,0.99,34.8%,51.2%,400,5.1,0.55,-27.8%,-7.5%,217.3%,26.5%
round2_fine_tuning_S0-8_rT-.3_vT-5-1.5,"[0, 8]",-,0.3,✓,-,1.5,✓,✓,✓,F/F/T,279.0%,54.9%,31.2%,1.76,1.47,34.7%,52.1%,309,5.8,0.44,0.4%,6.8%,163.0%,34.4%
round2_fine_tuning_S0-10_rT-.5_vT-5-1.5,"[0, 10]",-,0.5,✓,-,1.5,✓,✓,✓,F/F/T,233.9%,48.6%,28.3%,1.71,1.26,35.4%,50.0%,308,5.6,0.45,-2.6%,14.4%,137.9%,26.0%
round2_fine_tuning_S0-10_rT-.3_vT-5-1,"[0, 10]",-,0.3,✓,-,1,✓,✓,✓,F/F/T,260.8%,52.4%,32.6%,1.61,1.40,34.6%,52.5%,356,5.5,0.50,-2.1%,5.3%,162.3%,33.4%
round2_fine_tuning_S0-6_rF-.4_vT-5-1.5,"[0, 6]",-,-,✓,-,1.5,✓,✓,✓,F/F/T,196.7%,42.9%,26.7%,1.61,1.13,34.4%,48.1%,335,5.4,0.47,-0.0%,30.0%,82.7%,24.9%
round2_fine_tuning_S0-8_rT-.3_vT-5-1.2,"[0, 8]",-,0.3,✓,-,1.2,✓,✓,✓,F/F/T,243.0%,49.9%,35.0%,1.43,1.35,34.0%,52.0%,327,5.7,0.46,-5.6%,1.1%,160.2%,38.1%
round2_fine_tuning_S0-10_rT-.3_vT-5-2,"[0, 10]",-,0.3,✓,-,2,✓,✓,✓,F/F/T,218.2%,46.3%,28.9%,1.60,1.19,35.6%,49.1%,293,5.7,0.42,4.1%,10.2%,124.5%,23.5%
round2_fine_tuning_S0-4_rT-.4_vT-5-1.5,"[0, 4]",-,0.4,✓,-,1.5,✓,✓,✓,F/F/T,348.7%,63.8%,24.7%,2.58,1.90,31.4%,54.1%,379,5.1,0.55,11.8%,29.5%,159.7%,19.4%
round2_fine_tuning_S0-4_rF-.4_vT-5-.8,"[0, 4]",-,-,✓,-,0.8,✓,✓,✓,F/F/T,233.2%,48.5%,26.6%,1.82,1.40,31.7%,53.1%,456,5.0,0.63,8.9%,3.2%,172.6%,8.8%
round2_fine_tuning_S0-8_rT-.6_vT-5-2,"[0, 8]",-,0.6,✓,-,2,✓,✓,✓,F/F/T,187.4%,41.5%,31.7%,1.31,1.12,33.3%,49.2%,303,5.8,0.42,-19.6%,7.4%,153.1%,31.5%
round2_fine_tuning_S0-6_rT-.3_vT-5-1.5,"[0, 6]",-,0.3,✓,-,1.5,✓,✓,✓,F/F/T,211.1%,45.2%,26.7%,1.69,1.20,34.3%,48.3%,333,5.4,0.47,-0.0%,36.3%,82.7%,24.9%
round2_fine_tuning_S0-5_rT-.5_vT-5-1.5,"[0, 5]",-,0.5,✓,-,1.5,✓,✓,✓,F/F/T,430.5%,73.0%,27.3%,2.68,2.16,31.9%,50.3%,348,5.3,0.50,12.8%,47.6%,142.7%,31.2%
round2_fine_tuning_S0-8_rT-.5_vT-5-1.2,"[0, 8]",-,0.5,✓,-,1.2,✓,✓,✓,F/F/T,244.1%,50.1%,35.0%,1.43,1.38,33.5%,52.0%,329,5.7,0.46,-13.0%,0.5%,185.3%,38.0%
round2_fine_tuning_S0-10_rF-.4_vT-5-2,"[0, 10]",-,-,✓,-,2,✓,✓,✓,F/F/T,203.2%,44.0%,29.5%,1.49,1.12,35.7%,48.8%,295,5.7,0.42,4.1%,5.0%,124.5%,23.5%
round2_fine_tuning_S0-5_rT-.3_vF-5-1,"[0, 5]",-,0.3,✓,-,-,✓,✓,✓,F/F/T,355.6%,64.6%,30.3%,2.13,1.82,33.3%,50.1%,335,5.3,0.48,20.7%,27.3%,124.6%,32.1%
round2_fine_tuning_S0-10_rT-.3_vT-5-1.2,"[0, 10]",-,0.3,✓,-,1.2,✓,✓,✓,F/F/T,236.0%,48.9%,30.2%,1.62,1.28,35.1%,50.8%,329,5.5,0.47,-2.3%,10.8%,142.6%,27.9%
round2_fine_tuning_S0-4_rT-.3_vT-5-1,"[0, 4]",-,0.3,✓,-,1,✓,✓,✓,F/F/T,290.2%,56.4%,26.6%,2.12,1.70,30.8%,53.4%,416,5.1,0.58,13.8%,23.1%,138.5%,16.8%
round2_fine_tuning_S0-4_rT-.3_vT-5-2,"[0, 4]",-,0.3,✓,-,2,✓,✓,✓,F/F/T,338.9%,62.6%,24.7%,2.53,1.85,31.6%,53.1%,371,5.1,0.54,13.1%,28.5%,148.6%,21.6%
round2_fine_tuning_S0-8_rF-.4_vT-5-1.2,"[0, 8]",-,-,✓,-,1.2,✓,✓,✓,F/F/T,227.3%,47.6%,38.0%,1.25,1.28,34.1%,51.7%,329,5.7,0.46,-5.6%,-3.5%,160.3%,38.0%
round2_fine_tuning_S0-8_rT-.3_vT-5-2,"[0, 8]",-,0.3,✓,-,2,✓,✓,✓,F/F/T,272.5%,54.0%,31.2%,1.73,1.44,34.7%,52.0%,302,5.7,0.43,0.4%,6.3%,159.7%,34.4%
round2_fine_tuning_S0-6_rT-.6_vT-5-1.5,"[0, 6]",-,0.6,✓,-,1.5,✓,✓,✓,F/F/T,197.8%,43.1%,31.6%,1.37,1.19,32.8%,47.1%,333,5.4,0.48,-19.9%,67.4%,81.6%,22.3%
round2_fine_tuning_S0-4_rT-.3_vT-5-1.5,"[0, 4]",-,0.3,✓,-,1.5,✓,✓,✓,F/F/T,365.0%,65.7%,24.7%,2.66,1.95,31.6%,53.8%,379,5.0,0.55,13.1%,31.4%,162.2%,19.4%
round2_fine_tuning_S0-10_rT-.6_vT-5-1,"[0, 10]",-,0.6,✓,-,1,✓,✓,✓,F/F/T,237.4%,49.1%,31.6%,1.56,1.34,33.5%,51.2%,361,5.5,0.51,-18.9%,23.4%,155.1%,32.2%
round2_fine_tuning_S0-5_rT-.6_vT-5-.8,"[0, 5]",-,0.6,✓,-,0.8,✓,✓,✓,F/F/T,325.5%,60.9%,30.8%,1.98,1.84,31.0%,51.5%,421,5.2,0.59,-3.8%,48.8%,130.9%,28.7%
round2_fine_tuning_S0-6_rT-.6_vT-5-2,"[0, 6]",-,0.6,✓,-,2,✓,✓,✓,F/F/T,161.8%,37.2%,31.6%,1.18,1.03,32.3%,46.6%,326,5.4,0.47,-19.9%,66.9%,60.1%,22.4%
round2_fine_tuning_S0-4_rF-.4_vT-5-1.2,"[0, 4]",-,-,✓,-,1.2,✓,✓,✓,F/F/T,321.3%,60.4%,26.1%,2.32,1.76,32.0%,53.3%,394,5.0,0.56,15.9%,16.9%,160.6%,19.4%
round2_fine_tuning_S0-4_rT-.6_vT-5-2,"[0, 4]",-,0.6,✓,-,2,✓,✓,✓,F/F/T,235.1%,48.8%,30.4%,1.61,1.49,30.1%,50.4%,369,5.0,0.53,-7.8%,43.4%,113.1%,19.0%
round2_fine_tuning_S0-5_rT-.3_vT-5-2,"[0, 5]",-,0.3,✓,-,2,✓,✓,✓,F/F/T,461.3%,76.2%,23.7%,3.22,2.23,32.4%,50.1%,341,5.3,0.50,20.7%,53.9%,130.3%,31.2%
round2_fine_tuning_S0-8_rT-.6_vT-5-1.2,"[0, 8]",-,0.6,✓,-,1.2,✓,✓,✓,F/F/T,190.7%,42.0%,33.9%,1.24,1.16,32.6%,48.9%,325,5.7,0.45,-25.9%,5.1%,176.0%,35.2%
round2_fine_tuning_S0-8_rT-.5_vT-5-.8,"[0, 8]",-,0.5,✓,-,0.8,✓,✓,✓,F/F/T,196.9%,43.0%,34.9%,1.23,1.16,33.7%,52.4%,399,5.2,0.55,-20.9%,-5.3%,192.6%,35.5%
round2_fine_tuning_S0-6_rT-.4_vF-5-1,"[0, 6]",-,0.4,✓,-,-,✓,✓,✓,F/F/T,152.4%,35.6%,33.1%,1.07,0.92,34.2%,48.5%,324,5.5,0.45,-1.1%,24.5%,61.9%,26.6%
round2_fine_tuning_S0-8_rF-.4_vT-5-.8,"[0, 8]",-,-,✓,-,0.8,✓,✓,✓,F/F/T,174.1%,39.3%,40.7%,0.97,1.03,34.4%,52.6%,403,5.3,0.55,-14.6%,-18.6%,191.0%,35.5%
round2_fine_tuning_S0-4_rT-.6_vT-5-1,"[0, 4]",-,0.6,✓,-,1,✓,✓,✓,F/F/T,210.3%,45.1%,30.7%,1.47,1.42,28.9%,51.6%,413,5.1,0.58,-4.6%,33.6%,110.4%,15.7%
round2b_fine_tuning_S0-6_rT-.5_vT-5-1.2,"[0, 6]",-,0.5,-,-,1.2,✓,✓,✓,F/F/T,183.4%,40.8%,29.4%,1.39,1.12,32.9%,48.7%,351,5.2,0.49,-5.6%,22.7%,93.7%,26.3%
round2b_fine_tuning_S0-10_rT-.6_vF-5-1,"[0, 10]",-,0.6,-,-,-,✓,✓,✓,F/F/T,123.5%,30.2%,42.3%,0.71,0.74,35.5%,45.6%,298,5.7,0.42,-19.1%,8.2%,111.3%,20.9%
round2b_fine_tuning_S0-8_rT-.5_vT-5-1,"[0, 8]",-,0.5,-,-,1,✓,✓,✓,F/F/T,214.7%,45.7%,38.4%,1.19,1.26,33.1%,52.3%,363,5.5,0.50,-13.4%,-1.8%,178.6%,32.8%
round2b_fine_tuning_S0-10_rF-.4_vT-5-.8,"[0, 10]",-,-,-,-,0.8,✓,✓,✓,F/F/T,115.9%,28.8%,49.8%,0.58,0.70,35.6%,50.1%,413,5.0,0.56,-24.2%,-27.0%,208.2%,26.5%
round2b_fine_tuning_S0-8_rT-.4_vT-5-1.5,"[0, 8]",-,0.4,-,-,1.5,✓,✓,✓,F/F/T,251.2%,51.1%,34.2%,1.49,1.35,34.8%,51.6%,314,5.7,0.44,0.8%,-1.1%,162.2%,34.3%
round2b_fine_tuning_S0-8_rT-.5_vT-5-1.2,"[0, 8]",-,0.5,-,-,1.2,✓,✓,✓,F/F/T,236.1%,48.9%,36.5%,1.34,1.33,33.7%,51.8%,334,5.6,0.46,-13.4%,-1.4%,185.1%,38.1%
round2b_fine_tuning_S0-4_rT-.3_vT-5-2,"[0, 4]",-,0.3,-,-,2,✓,✓,✓,F/F/T,305.1%,58.3%,28.4%,2.05,1.70,31.9%,52.3%,373,5.1,0.54,15.0%,17.4%,146.8%,21.6%
round2b_fine_tuning_S0-10_rT-.5_vT-5-.8,"[0, 10]",-,0.5,-,-,0.8,✓,✓,✓,F/F/T,145.5%,34.3%,42.2%,0.81,0.87,34.9%,50.5%,412,5.0,0.56,-29.0%,-13.0%,213.9%,26.5%
round2b_fine_tuning_S0-6_rT-.4_vT-5-1.5,"[0, 6]",-,0.4,-,-,1.5,✓,✓,✓,F/F/T,188.3%,41.6%,26.9%,1.54,1.09,34.4%,47.9%,338,5.4,0.48,0.3%,26.3%,82.2%,24.9%
round2b_fine_tuning_S0-5_rT-.3_vT-5-1.2,"[0, 5]",-,0.3,-,-,1.2,✓,✓,✓,F/F/T,412.9%,71.1%,28.9%,2.46,2.10,32.0%,50.0%,364,5.3,0.51,27.5%,33.5%,129.6%,31.2%
round2b_fine_tuning_S0-6_rT-.3_vT-5-.8,"[0, 6]",-,0.3,-,-,0.8,✓,✓,✓,F/F/T,189.7%,41.8%,31.6%,1.32,1.12,33.9%,51.2%,422,5.3,0.57,-0.0%,9.6%,102.7%,30.4%
round2b_fine_tuning_S0-6_rF-.4_vT-5-2,"[0, 6]",-,-,-,-,2,✓,✓,✓,F/F/T,145.4%,34.3%,29.2%,1.18,0.90,33.7%,46.5%,327,5.4,0.46,-1.5%,21.9%,63.5%,25.0%
round2b_fine_tuning_S0-8_rT-.5_vT-5-2,"[0, 8]",-,0.5,-,-,2,✓,✓,✓,F/F/T,248.7%,50.7%,31.9%,1.59,1.36,34.5%,51.3%,308,5.6,0.44,-7.2%,4.9%,166.5%,34.3%
round2b_fine_tuning_S0-4_rF-.4_vT-5-.8,"[0, 4]",-,-,-,-,0.8,✓,✓,✓,F/F/T,185.0%,41.1%,32.5%,1.26,1.16,32.1%,52.2%,464,4.9,0.63,5.2%,-4.0%,159.4%,8.8%
round2b_fine_tuning_S0-4_rT-.3_vT-5-.8,"[0, 4]",-,0.3,-,-,0.8,✓,✓,✓,F/F/T,175.2%,39.4%,36.2%,1.09,1.12,31.6%,52.1%,461,4.9,0.62,9.4%,-10.9%,159.3%,8.8%
round2b_fine_tuning_S0-6_rF-.4_vT-5-1,"[0, 6]",-,-,-,-,1,✓,✓,✓,F/F/T,203.5%,44.0%,28.1%,1.57,1.21,33.1%,49.1%,381,5.2,0.53,0.2%,32.3%,86.5%,22.8%
round2b_fine_tuning_S0-10_rT-.6_vT-5-1.5,"[0, 10]",-,0.6,-,-,1.5,✓,✓,✓,F/F/T,183.1%,40.8%,34.5%,1.18,1.05,35.0%,46.8%,314,5.6,0.45,-19.4%,28.5%,121.5%,23.3%
round2b_fine_tuning_S0-6_rF-.4_vT-5-1.5,"[0, 6]",-,-,-,-,1.5,✓,✓,✓,F/F/T,173.8%,39.2%,29.1%,1.35,1.02,34.6%,46.9%,337,5.4,0.47,-1.7%,22.5%,82.1%,24.9%
round2b_fine_tuning_S0-4_rF-.4_vT-5-1.2,"[0, 4]",-,-,-,-,1.2,✓,✓,✓,F/F/T,278.6%,54.9%,28.6%,1.92,1.61,31.6%,52.0%,398,5.0,0.56,14.6%,11.5%,148.2%,19.4%
round2_fine_tuning_S0-6_rT-.5_vT-5-1,"[0, 6]",-,0.5,✓,-,1,✓,✓,✓,F/F/T,185.0%,41.1%,29.1%,1.41,1.15,32.2%,49.7%,376,5.2,0.52,-5.6%,24.2%,98.1%,22.8%
round2_fine_tuning_S0-8_rT-.4_vF-5-1,"[0, 8]",-,0.4,✓,-,-,✓,✓,✓,F/F/T,239.3%,49.4%,35.4%,1.40,1.28,35.5%,52.3%,302,5.8,0.42,-0.7%,-10.4%,158.7%,47.3%
round2_fine_tuning_S0-5_rF-.4_vT-5-.8,"[0, 5]",-,-,✓,-,0.8,✓,✓,✓,F/F/T,312.4%,59.3%,27.0%,2.19,1.69,32.8%,51.6%,428,5.3,0.59,6.3%,20.9%,144.5%,31.2%
round2_fine_tuning_S0-6_rT-.5_vT-5-1.5,"[0, 6]",-,0.5,✓,-,1.5,✓,✓,✓,F/F/T,194.2%,42.5%,28.3%,1.50,1.15,33.6%,48.4%,335,5.4,0.47,-6.5%,34.4%,87.5%,24.9%
round2_fine_tuning_S0-5_rT-.4_vT-5-1.5,"[0, 5]",-,0.4,✓,-,1.5,✓,✓,✓,F/F/T,508.8%,81.0%,24.1%,3.36,2.38,32.4%,50.9%,348,5.4,0.51,19.4%,66.0%,134.1%,31.2%
round2_fine_tuning_S0-8_rF-.4_vT-5-1.5,"[0, 8]",-,-,✓,-,1.5,✓,✓,✓,F/F/T,261.5%,52.5%,33.4%,1.57,1.39,34.8%,51.8%,311,5.8,0.44,0.4%,1.9%,163.0%,34.3%
round2_fine_tuning_S0-10_rT-.5_vF-5-1,"[0, 10]",-,0.5,✓,-,-,✓,✓,✓,F/F/T,153.7%,35.8%,37.6%,0.95,0.88,35.9%,48.3%,294,5.7,0.41,-2.6%,-8.2%,129.7%,23.5%
round2_fine_tuning_S0-10_rT-.3_vT-5-.8,"[0, 10]",-,0.3,✓,-,0.8,✓,✓,✓,F/F/T,158.2%,36.6%,41.4%,0.88,0.92,35.2%,51.6%,401,5.2,0.55,-22.0%,-17.1%,215.5%,26.5%
round2_fine_tuning_S0-4_rT-.5_vT-5-1,"[0, 4]",-,0.5,✓,-,1,✓,✓,✓,F/F/T,261.5%,52.5%,27.9%,1.89,1.60,30.3%,52.8%,415,5.0,0.58,4.8%,16.3%,153.9%,16.8%
round2_fine_tuning_S0-4_rT-.4_vT-5-1.2,"[0, 4]",-,0.4,✓,-,1.2,✓,✓,✓,F/F/T,352.5%,64.2%,26.1%,2.46,1.94,31.0%,53.7%,393,5.0,0.56,14.6%,21.7%,171.8%,19.4%
round2_fine_tuning_S0-6_rT-.4_vT-5-2,"[0, 6]",-,0.4,✓,-,2,✓,✓,✓,F/F/T,178.3%,40.0%,26.1%,1.53,1.08,33.3%,48.3%,327,5.4,0.46,-1.1%,38.7%,62.3%,25.0%
round2_fine_tuning_S0-8_rT-.4_vT-5-1,"[0, 8]",-,0.4,✓,-,1,✓,✓,✓,F/F/T,241.8%,49.7%,36.9%,1.35,1.38,33.3%,53.0%,355,5.6,0.49,-6.5%,-0.8%,177.3%,32.8%
round2_fine_tuning_S0-4_rT-.3_vT-5-1.2,"[0, 4]",-,0.3,✓,-,1.2,✓,✓,✓,F/F/T,335.6%,62.2%,26.1%,2.39,1.85,31.4%,53.3%,392,5.0,0.56,15.9%,22.5%,157.0%,19.4%
round2_fine_tuning_S0-8_rT-.3_vT-5-.8,"[0, 8]",-,0.3,✓,-,0.8,✓,✓,✓,F/F/T,187.4%,41.5%,37.8%,1.10,1.09,34.3%,52.9%,401,5.3,0.55,-14.6%,-14.7%,191.0%,35.5%
round2_fine_tuning_S0-4_rT-.4_vT-5-1,"[0, 4]",-,0.4,✓,-,1,✓,✓,✓,F/F/T,289.3%,56.3%,26.6%,2.12,1.70,30.7%,53.5%,417,5.1,0.58,12.6%,17.3%,152.5%,16.8%
round2_fine_tuning_S0-10_rT-.6_vT-5-.8,"[0, 10]",-,0.6,✓,-,0.8,✓,✓,✓,F/F/T,170.1%,38.6%,34.9%,1.11,1.02,33.8%,51.2%,404,5.2,0.56,-29.3%,3.2%,198.0%,24.2%
round2_fine_tuning_S0-10_rT-.6_vT-5-2,"[0, 10]",-,0.6,✓,-,2,✓,✓,✓,F/F/T,170.8%,38.7%,31.3%,1.24,1.00,34.7%,47.3%,298,5.8,0.43,-16.6%,27.7%,110.4%,20.9%
round2_fine_tuning_S0-4_rT-.6_vT-5-.8,"[0, 4]",-,0.6,✓,-,0.8,✓,✓,✓,F/F/T,171.9%,38.9%,30.2%,1.29,1.20,29.0%,52.0%,446,5.0,0.61,-1.4%,6.3%,132.2%,11.7%
round2_fine_tuning_S0-8_rF-.4_vF-5-1,"[0, 8]",-,-,✓,-,-,✓,✓,✓,F/F/T,232.9%,48.5%,35.9%,1.35,1.25,35.7%,51.7%,302,5.8,0.42,0.4%,-13.9%,161.4%,47.3%
round2_fine_tuning_S0-10_rT-.4_vT-5-.8,"[0, 10]",-,0.4,✓,-,0.8,✓,✓,✓,F/F/T,177.0%,39.8%,37.0%,1.07,1.03,34.9%,52.2%,402,5.2,0.56,-22.3%,-10.7%,215.4%,26.5%
round2_fine_tuning_S0-6_rT-.5_vT-5-1.2,"[0, 6]",-,0.5,✓,-,1.2,✓,✓,✓,F/F/T,190.3%,41.9%,28.4%,1.48,1.16,32.7%,48.8%,346,5.3,0.48,-5.3%,25.1%,93.9%,26.3%
round2_fine_tuning_S0-8_rT-.6_vT-5-1,"[0, 8]",-,0.6,✓,-,1,✓,✓,✓,F/F/T,190.0%,41.9%,32.0%,1.31,1.18,32.0%,51.1%,358,5.6,0.49,-21.7%,6.4%,164.5%,31.6%
round2_fine_tuning_S0-8_rT-.5_vF-5-1,"[0, 8]",-,0.5,✓,-,-,✓,✓,✓,F/F/T,242.7%,49.9%,38.1%,1.31,1.30,35.2%,51.8%,303,5.7,0.43,-6.1%,-7.6%,168.2%,47.3%
round2_fine_tuning_S0-4_rT-.5_vT-5-.8,"[0, 4]",-,0.5,✓,-,0.8,✓,✓,✓,F/F/T,232.2%,48.3%,29.0%,1.67,1.45,30.5%,52.9%,450,5.0,0.62,0.8%,5.9%,174.2%,13.5%
round2_fine_tuning_S0-8_rT-.4_vT-5-.8,"[0, 8]",-,0.4,✓,-,0.8,✓,✓,✓,F/F/T,217.8%,46.2%,32.4%,1.43,1.24,34.0%,53.5%,402,5.2,0.55,-14.9%,-5.2%,190.8%,35.5%
round2_fine_tuning_S0-4_rF-.4_vT-5-1.5,"[0, 4]",-,-,✓,-,1.5,✓,✓,✓,F/F/T,343.9%,63.2%,24.7%,2.55,1.87,31.7%,53.5%,381,5.0,0.55,13.1%,25.3%,162.4%,19.4%
round2_fine_tuning_S0-5_rT-.5_vT-5-.8,"[0, 5]",-,0.5,✓,-,0.8,✓,✓,✓,F/F/T,322.7%,60.6%,29.5%,2.05,1.78,31.8%,51.3%,423,5.3,0.59,-1.5%,33.1%,145.9%,31.2%
round2_fine_tuning_S0-10_rT-.5_vT-5-1,"[0, 10]",-,0.5,✓,-,1,✓,✓,✓,F/F/T,253.2%,51.4%,31.9%,1.61,1.39,34.1%,52.4%,357,5.4,0.50,-9.8%,5.1%,179.4%,33.4%
round2_fine_tuning_S0-4_rT-.3_vF-5-1,"[0, 4]",-,0.3,✓,-,-,✓,✓,✓,F/F/T,260.4%,52.4%,30.1%,1.74,1.50,32.3%,52.9%,367,5.1,0.52,13.1%,5.8%,148.0%,21.5%
round2_fine_tuning_S0-5_rT-.4_vT-5-2,"[0, 5]",-,0.4,✓,-,2,✓,✓,✓,F/F/T,482.9%,78.4%,24.1%,3.25,2.30,32.4%,50.7%,341,5.3,0.50,19.4%,63.2%,128.0%,31.2%
round2_fine_tuning_S0-8_rT-.6_vT-5-.8,"[0, 8]",-,0.6,✓,-,0.8,✓,✓,✓,F/F/T,176.2%,39.6%,32.1%,1.23,1.10,32.4%,51.9%,403,5.2,0.55,-22.6%,-2.4%,174.7%,33.0%
round2_fine_tuning_S0-4_rT-.4_vF-5-1,"[0, 4]",-,0.4,✓,-,-,✓,✓,✓,F/F/T,250.0%,50.9%,31.9%,1.60,1.45,32.3%,53.0%,368,5.1,0.52,11.8%,4.9%,145.5%,21.6%
round2_fine_tuning_S0-6_rT-.4_vT-5-.8,"[0, 6]",-,0.4,✓,-,0.8,✓,✓,✓,F/F/T,259.9%,52.3%,26.4%,1.98,1.46,33.1%,52.9%,414,5.4,0.57,-1.5%,34.9%,107.5%,30.5%
round2_fine_tuning_S0-8_rT-.5_vT-5-2,"[0, 8]",-,0.5,✓,-,2,✓,✓,✓,F/F/T,265.3%,53.0%,30.4%,1.74,1.43,34.3%,51.8%,305,5.7,0.44,-6.1%,8.7%,166.4%,34.4%
round2_fine_tuning_S0-5_rT-.6_vF-5-1,"[0, 5]",-,0.6,✓,-,-,✓,✓,✓,F/F/T,298.8%,57.5%,37.9%,1.52,1.68,31.9%,48.8%,334,5.2,0.48,-3.5%,44.0%,121.8%,29.3%
round2_fine_tuning_S0-5_rT-.6_vT-5-2,"[0, 5]",-,0.6,✓,-,2,✓,✓,✓,F/F/T,373.6%,66.7%,30.7%,2.18,2.01,31.2%,48.7%,339,5.2,0.49,-3.5%,68.9%,126.0%,28.5%
round2_fine_tuning_S0-5_rT-.5_vF-5-1,"[0, 5]",-,0.5,✓,-,-,✓,✓,✓,F/F/T,331.9%,61.7%,34.9%,1.77,1.77,32.5%,49.9%,337,5.2,0.48,12.8%,25.8%,130.4%,32.1%
round2_fine_tuning_S0-8_rT-.4_vT-5-1.5,"[0, 8]",-,0.4,✓,-,1.5,✓,✓,✓,F/F/T,268.9%,53.6%,31.2%,1.72,1.43,34.6%,52.4%,311,5.8,0.44,-0.7%,6.2%,160.3%,34.3%
round2_fine_tuning_S0-4_rT-.5_vT-5-1.2,"[0, 4]",-,0.5,✓,-,1.2,✓,✓,✓,F/F/T,332.9%,61.8%,27.2%,2.28,1.89,30.7%,52.9%,393,5.0,0.56,6.7%,20.6%,181.7%,19.4%
round2_fine_tuning_S0-8_rT-.3_vF-5-1,"[0, 8]",-,0.3,✓,-,-,✓,✓,✓,F/F/T,249.5%,50.8%,33.7%,1.51,1.32,35.6%,52.0%,300,5.8,0.42,0.4%,-9.7%,161.5%,47.3%
round2_fine_tuning_S0-4_rF-.4_vT-5-1,"[0, 4]",-,-,✓,-,1,✓,✓,✓,F/F/T,272.3%,54.0%,26.6%,2.03,1.62,30.9%,53.1%,418,5.1,0.58,13.8%,17.5%,138.4%,16.8%
round2_fine_tuning_S0-5_rT-.5_vT-5-2,"[0, 5]",-,0.5,✓,-,2,✓,✓,✓,F/F/T,417.9%,71.6%,27.3%,2.63,2.12,31.9%,50.0%,342,5.2,0.49,12.8%,48.0%,136.4%,31.2%
round2_fine_tuning_S0-4_rT-.5_vF-5-1,"[0, 4]",-,0.5,✓,-,-,✓,✓,✓,F/F/T,245.5%,50.3%,34.7%,1.45,1.45,31.8%,52.3%,369,5.0,0.52,5.7%,4.3%,157.8%,21.6%
round2_fine_tuning_S0-4_rT-.3_vT-5-.8,"[0, 4]",-,0.3,✓,-,0.8,✓,✓,✓,F/F/T,230.4%,48.1%,26.4%,1.82,1.41,31.3%,53.3%,454,5.0,0.62,8.9%,2.3%,172.6%,8.8%
round2_fine_tuning_S0-5_rT-.5_vT-5-1,"[0, 5]",-,0.5,✓,-,1,✓,✓,✓,F/F/T,391.4%,68.7%,28.0%,2.45,2.08,31.0%,50.8%,384,5.3,0.54,11.3%,37.0%,148.4%,29.7%
round2_fine_tuning_S0-10_rF-.4_vT-5-1.5,"[0, 10]",-,-,✓,-,1.5,✓,✓,✓,F/F/T,228.6%,47.8%,28.9%,1.65,1.22,35.9%,49.5%,307,5.7,0.44,4.1%,8.0%,132.0%,26.0%
round2_fine_tuning_S0-8_rT-.4_vT-5-1.2,"[0, 8]",-,0.4,✓,-,1.2,✓,✓,✓,F/F/T,256.9%,51.9%,34.4%,1.51,1.42,33.8%,52.4%,328,5.7,0.46,-6.6%,0.6%,175.3%,38.1%
round2_fine_tuning_S0-4_rT-.4_vT-5-.8,"[0, 4]",-,0.4,✓,-,0.8,✓,✓,✓,F/F/T,258.1%,52.1%,26.4%,1.97,1.55,31.0%,53.7%,454,5.0,0.63,8.5%,11.3%,172.6%,8.8%
round2_fine_tuning_S0-10_rT-.4_vT-5-1.2,"[0, 10]",-,0.4,✓,-,1.2,✓,✓,✓,F/F/T,251.5%,51.1%,30.2%,1.69,1.35,34.9%,51.4%,329,5.5,0.47,-3.4%,10.8%,156.5%,27.9%
round2_fine_tuning_S0-6_rT-.6_vT-5-1.2,"[0, 6]",-,0.6,✓,-,1.2,✓,✓,✓,F/F/T,211.3%,45.2%,31.4%,1.44,1.29,32.1%,47.2%,343,5.3,0.49,-19.9%,67.4%,87.8%,23.7%
round2_fine_tuning_S0-5_rT-.4_vT-5-1.2,"[0, 5]",-,0.4,✓,-,1.2,✓,✓,✓,F/F/T,534.6%,83.5%,25.0%,3.34,2.51,31.6%,51.4%,360,5.3,0.52,23.6%,55.5%,151.5%,31.2%
round2_fine_tuning_S0-5_rF-.4_vT-5-1.2,"[0, 5]",-,-,✓,-,1.2,✓,✓,✓,F/F/T,451.4%,75.2%,25.0%,3.01,2.20,32.4%,50.6%,362,5.3,0.52,25.0%,39.4%,141.0%,31.2%
round2_fine_tuning_S0-4_rT-.6_vT-5-1.5,"[0, 4]",-,0.6,✓,-,1.5,✓,✓,✓,F/F/T,245.1%,50.2%,30.4%,1.65,1.55,29.7%,51.3%,376,5.0,0.54,-7.8%,41.7%,126.0%,16.9%
round2_fine_tuning_S0-10_rT-.3_vT-5-1.5,"[0, 10]",-,0.3,✓,-,1.5,✓,✓,✓,F/F/T,244.5%,50.1%,28.9%,1.73,1.29,35.8%,49.8%,305,5.7,0.44,4.1%,13.2%,132.0%,26.0%
round2_fine_tuning_S0-8_rT-.3_vT-5-1,"[0, 8]",-,0.3,✓,-,1,✓,✓,✓,F/F/T,228.4%,47.8%,37.5%,1.28,1.31,33.4%,52.8%,354,5.7,0.49,-5.4%,-0.1%,161.8%,32.8%
round2c_Ashare_fmF-F-T_vF-5-1,"[0, 5]",-,0.4,✓,-,-,✓,✓,✓,F/F/T,342.4%,63.0%,32.1%,1.96,1.77,33.3%,50.3%,336,5.3,0.48,19.4%,26.3%,122.3%,32.1%
round2c_Ashare_fmF-F-T_vT-5-1,"[0, 5]",-,0.4,✓,-,1,✓,✓,✓,F/F/T,480.3%,78.2%,25.0%,3.13,2.36,31.4%,51.4%,383,5.4,0.55,19.5%,51.6%,147.0%,29.7%
round2c_Ashare_fmT-F-T_vF-5-1,"[0, 5]",-,0.4,✓,-,-,✓,✓,✓,T/F/T,252.0%,51.2%,22.7%,2.26,1.60,29.6%,52.2%,230,12.3,0.33,7.8%,31.8%,93.5%,28.0%
round2c_Ashare_fmT-F-T_vT-5-.8,"[0, 5]",-,0.4,✓,-,0.8,✓,✓,✓,T/F/T,233.9%,48.6%,26.3%,1.85,1.60,27.8%,52.7%,313,11.9,0.44,-8.8%,40.8%,118.2%,19.2%
round2c_Ashare_fmT-F-T_vT-5-1,"[0, 5]",-,0.4,✓,-,1,✓,✓,✓,T/F/T,306.5%,58.5%,21.1%,2.78,1.95,28.0%,51.8%,274,12.3,0.39,-4.1%,65.0%,101.7%,27.4%
round2c_Ashare_fmT-F-T_vT-5-1.2,"[0, 5]",-,0.4,✓,-,1.2,✓,✓,✓,T/F/T,360.2%,65.1%,19.2%,3.40,2.15,28.5%,51.8%,255,12.1,0.38,4.9%,74.8%,97.1%,27.4%
round2c_Ashare_fmT-F-T_vT-5-1.5,"[0, 5]",-,0.4,✓,-,1.5,✓,✓,✓,T/F/T,279.5%,55.0%,20.5%,2.69,1.76,28.9%,52.0%,246,12.1,0.36,7.8%,42.6%,91.6%,28.8%
round2c_Ashare_fmT-F-T_vT-5-2,"[0, 5]",-,0.4,✓,-,2,✓,✓,✓,T/F/T,296.8%,57.3%,19.9%,2.88,1.86,28.7%,51.5%,241,12.1,0.35,7.8%,42.6%,101.7%,28.0%
round2c_Ashare_fmF-T-T_vF-5-1,"[0, 5]",-,0.4,✓,-,-,✓,✓,✓,F/T/T,294.5%,57.0%,26.1%,2.19,1.66,32.0%,51.5%,338,5.7,0.47,22.5%,7.4%,132.0%,29.2%
round2c_Ashare_fmF-T-T_vT-5-.8,"[0, 5]",-,0.4,✓,-,0.8,✓,✓,✓,F/T/T,289.7%,56.3%,29.3%,1.92,1.66,31.5%,52.7%,427,5.8,0.58,5.6%,5.5%,154.0%,37.7%
round2c_Ashare_fmF-T-T_vT-5-1,"[0, 5]",-,0.4,✓,-,1,✓,✓,✓,F/T/T,347.5%,63.6%,26.2%,2.43,1.96,30.4%,53.5%,385,5.8,0.54,20.5%,12.8%,159.5%,26.9%
round2c_Ashare_fmF-T-T_vT-5-1.2,"[0, 5]",-,0.4,✓,-,1.2,✓,✓,✓,F/T/T,403.9%,70.1%,25.3%,2.77,2.16,30.6%,53.2%,365,5.8,0.51,24.7%,13.6%,177.1%,28.3%
round2c_Ashare_fmF-T-T_vT-5-1.5,"[0, 5]",-,0.4,✓,-,1.5,✓,✓,✓,F/T/T,383.8%,67.8%,26.1%,2.60,2.02,31.6%,52.4%,351,5.8,0.50,22.5%,23.2%,149.6%,28.3%
round2c_Ashare_fmF-T-T_vT-5-2,"[0, 5]",-,0.4,✓,-,2,✓,✓,✓,F/T/T,343.1%,63.1%,26.1%,2.42,1.87,31.6%,52.0%,342,5.7,0.48,22.5%,18.1%,138.5%,28.3%
round2b_fine_tuning_S0-8_rT-.3_vT-5-1,"[0, 8]",-,0.3,-,-,1,✓,✓,✓,F/F/T,224.6%,47.2%,39.3%,1.20,1.28,33.7%,52.4%,357,5.6,0.49,-2.4%,-4.7%,162.6%,32.8%
round2b_fine_tuning_S0-5_rT-.5_vT-5-.8,"[0, 5]",-,0.5,-,-,0.8,✓,✓,✓,F/F/T,275.3%,54.4%,31.2%,1.74,1.57,32.0%,50.7%,434,5.2,0.59,-3.7%,25.5%,136.9%,31.2%
round2b_fine_tuning_S0-4_rT-.5_vF-5-1,"[0, 4]",-,0.5,-,-,-,✓,✓,✓,F/F/T,229.7%,48.0%,35.2%,1.36,1.37,32.1%,52.0%,371,4.9,0.52,4.5%,1.1%,156.7%,21.6%
round2b_fine_tuning_S0-8_rT-.5_vF-5-1,"[0, 8]",-,0.5,-,-,-,✓,✓,✓,F/F/T,227.1%,47.6%,38.5%,1.24,1.23,35.4%,51.3%,306,5.7,0.43,-7.2%,-10.9%,168.2%,47.3%
round2b_fine_tuning_S0-5_rT-.5_vT-5-2,"[0, 5]",-,0.5,-,-,2,✓,✓,✓,F/F/T,392.6%,68.8%,27.8%,2.48,2.02,32.1%,49.4%,344,5.2,0.49,11.6%,42.9%,135.5%,31.2%
round2b_fine_tuning_S0-5_rT-.6_vT-5-1,"[0, 5]",-,0.6,-,-,1,✓,✓,✓,F/F/T,395.2%,69.1%,33.6%,2.06,2.14,30.5%,49.5%,392,5.1,0.55,-0.7%,63.7%,137.0%,28.6%
round2b_fine_tuning_S0-10_rF-.4_vT-5-1,"[0, 10]",-,-,-,-,1,✓,✓,✓,F/F/T,237.8%,49.2%,33.6%,1.46,1.29,35.0%,51.1%,362,5.4,0.51,-4.2%,0.5%,163.1%,33.4%
round2b_fine_tuning_S0-10_rF-.4_vT-5-1.2,"[0, 10]",-,-,-,-,1.2,✓,✓,✓,F/F/T,202.3%,43.8%,31.6%,1.39,1.13,35.4%,49.4%,334,5.5,0.47,-3.4%,0.9%,142.4%,27.9%
round2b_fine_tuning_S0-10_rT-.4_vT-5-1,"[0, 10]",-,0.4,-,-,1,✓,✓,✓,F/F/T,260.6%,52.4%,36.0%,1.46,1.40,34.7%,52.2%,362,5.4,0.51,0.9%,-3.1%,176.5%,33.4%
round2b_fine_tuning_S0-10_rT-.5_vT-5-1.5,"[0, 10]",-,0.5,-,-,1.5,✓,✓,✓,F/F/T,218.8%,46.4%,29.0%,1.60,1.19,35.6%,49.5%,313,5.5,0.45,-4.0%,10.8%,138.0%,26.0%
round2b_fine_tuning_S0-6_rT-.3_vT-5-1,"[0, 6]",-,0.3,-,-,1,✓,✓,✓,F/F/T,220.5%,46.6%,28.1%,1.66,1.29,33.0%,50.0%,378,5.2,0.53,5.7%,32.4%,86.6%,22.8%
round2b_fine_tuning_S0-4_rF-.4_vT-5-1.5,"[0, 4]",-,-,-,-,1.5,✓,✓,✓,F/F/T,307.8%,58.7%,28.6%,2.06,1.71,31.9%,52.4%,382,5.0,0.55,11.1%,18.1%,160.4%,19.4%
round2b_fine_tuning_S0-4_rF-.4_vF-5-1,"[0, 4]",-,-,-,-,-,✓,✓,✓,F/F/T,221.3%,46.7%,32.4%,1.44,1.31,32.6%,51.4%,370,5.1,0.52,11.4%,-3.6%,146.2%,21.6%
round2b_fine_tuning_S0-8_rF-.4_vT-5-.8,"[0, 8]",-,-,-,-,0.8,✓,✓,✓,F/F/T,140.1%,33.3%,46.8%,0.71,0.85,34.6%,51.3%,413,5.1,0.55,-17.0%,-24.9%,184.2%,35.5%
round2b_fine_tuning_S0-4_rT-.3_vT-5-1,"[0, 4]",-,0.3,-,-,1,✓,✓,✓,F/F/T,283.2%,55.5%,27.5%,2.02,1.65,31.1%,53.1%,420,5.1,0.59,17.5%,21.0%,130.9%,16.8%
round2b_fine_tuning_S0-10_rT-.4_vT-5-.8,"[0, 10]",-,0.4,-,-,0.8,✓,✓,✓,F/F/T,137.2%,32.8%,45.3%,0.72,0.82,35.1%,50.1%,413,5.0,0.56,-22.1%,-23.4%,214.2%,26.5%
round2b_fine_tuning_S0-4_rT-.3_vT-5-1.2,"[0, 4]",-,0.3,-,-,1.2,✓,✓,✓,F/F/T,291.7%,56.6%,28.3%,2.00,1.67,31.6%,52.8%,396,5.0,0.56,18.2%,11.9%,148.1%,19.4%
round2b_fine_tuning_S0-8_rT-.6_vT-5-1.2,"[0, 8]",-,0.6,-,-,1.2,✓,✓,✓,F/F/T,181.9%,40.6%,36.3%,1.12,1.12,32.8%,48.0%,333,5.5,0.46,-26.5%,3.0%,175.7%,35.1%
round2b_fine_tuning_S0-10_rF-.4_vT-5-1.5,"[0, 10]",-,-,-,-,1.5,✓,✓,✓,F/F/T,203.2%,44.0%,30.5%,1.44,1.11,36.1%,48.2%,309,5.6,0.44,2.3%,1.7%,131.2%,26.0%
round2b_fine_tuning_S0-4_rT-.3_vT-5-1.5,"[0, 4]",-,0.3,-,-,1.5,✓,✓,✓,F/F/T,322.3%,60.5%,28.3%,2.14,1.78,31.8%,53.0%,381,5.0,0.55,14.7%,18.4%,160.4%,19.4%
round2b_fine_tuning_S0-5_rT-.4_vT-5-2,"[0, 5]",-,0.4,-,-,2,✓,✓,✓,F/F/T,463.6%,76.5%,27.0%,2.83,2.22,32.6%,49.9%,343,5.2,0.50,21.4%,54.6%,128.8%,31.2%
round2b_fine_tuning_S0-4_rT-.6_vT-5-1.2,"[0, 4]",-,0.6,-,-,1.2,✓,✓,✓,F/F/T,227.7%,47.7%,33.7%,1.41,1.49,29.4%,49.5%,394,5.0,0.56,-8.1%,29.1%,136.3%,16.9%
round2b_fine_tuning_S0-10_rF-.4_vT-5-2,"[0, 10]",-,-,-,-,2,✓,✓,✓,F/F/T,184.6%,41.0%,31.4%,1.31,1.03,35.9%,47.5%,297,5.7,0.42,2.6%,0.4%,123.7%,23.5%
round2b_fine_tuning_S0-4_rF-.4_vT-5-2,"[0, 4]",-,-,-,-,2,✓,✓,✓,F/F/T,291.3%,56.5%,28.6%,1.98,1.64,32.0%,51.6%,374,5.1,0.54,11.4%,17.1%,146.8%,21.6%
round2b_fine_tuning_S0-6_rT-.6_vT-5-1.5,"[0, 6]",-,0.6,-,-,1.5,✓,✓,✓,F/F/T,192.3%,42.2%,34.7%,1.22,1.16,33.0%,45.6%,338,5.3,0.48,-22.6%,69.9%,81.6%,22.3%
round2b_fine_tuning_S0-8_rT-.4_vT-5-.8,"[0, 8]",-,0.4,-,-,0.8,✓,✓,✓,F/F/T,172.2%,39.0%,40.2%,0.97,1.02,34.2%,51.3%,413,5.0,0.56,-14.6%,-18.8%,189.8%,35.5%
round2b_fine_tuning_S0-8_rF-.4_vT-5-1.5,"[0, 8]",-,-,-,-,1.5,✓,✓,✓,F/F/T,233.5%,48.5%,36.1%,1.34,1.27,35.0%,50.5%,313,5.8,0.44,-1.3%,-4.0%,162.0%,34.3%
round2b_fine_tuning_S0-5_rF-.4_vT-5-1,"[0, 5]",-,-,-,-,1,✓,✓,✓,F/F/T,386.2%,68.1%,28.1%,2.42,2.00,32.0%,49.7%,390,5.3,0.55,18.2%,40.5%,125.8%,29.7%
round2b_fine_tuning_S0-4_rT-.4_vT-5-1.2,"[0, 4]",-,0.4,-,-,1.2,✓,✓,✓,F/F/T,309.6%,58.9%,28.6%,2.06,1.76,31.3%,52.8%,398,5.0,0.56,17.9%,11.4%,161.2%,19.4%
round2b_fine_tuning_S0-8_rT-.6_vT-5-2,"[0, 8]",-,0.6,-,-,2,✓,✓,✓,F/F/T,173.3%,39.1%,34.7%,1.13,1.05,33.4%,47.7%,306,5.7,0.43,-22.1%,5.3%,153.1%,31.5%
round2b_fine_tuning_S0-4_rT-.5_vT-5-.8,"[0, 4]",-,0.5,-,-,0.8,✓,✓,✓,F/F/T,188.2%,41.6%,32.2%,1.29,1.22,30.9%,52.2%,462,4.9,0.63,-1.5%,-2.5%,164.1%,13.5%
round2b_fine_tuning_S0-5_rT-.3_vT-5-1.5,"[0, 5]",-,0.3,-,-,1.5,✓,✓,✓,F/F/T,431.0%,73.1%,28.9%,2.53,2.12,32.6%,49.4%,350,5.4,0.50,22.5%,40.7%,134.8%,31.2%
round2b_fine_tuning_S0-10_rT-.6_vT-5-1.2,"[0, 10]",-,0.6,-,-,1.2,✓,✓,✓,F/F/T,197.6%,43.1%,34.6%,1.25,1.14,34.2%,47.6%,338,5.4,0.48,-23.9%,26.3%,147.2%,25.3%
round2b_fine_tuning_S0-4_rT-.5_vT-5-1,"[0, 4]",-,0.5,-,-,1,✓,✓,✓,F/F/T,254.8%,51.6%,28.0%,1.84,1.56,30.6%,52.7%,423,5.0,0.59,4.2%,19.1%,144.9%,16.8%
round2b_fine_tuning_S0-6_rT-.6_vF-5-1,"[0, 6]",-,0.6,-,-,-,✓,✓,✓,F/F/T,121.0%,29.8%,41.4%,0.72,0.78,33.2%,45.4%,326,5.4,0.46,-22.3%,43.9%,60.6%,23.1%
round2b_fine_tuning_S0-10_rT-.4_vT-5-2,"[0, 10]",-,0.4,-,-,2,✓,✓,✓,F/F/T,199.7%,43.4%,29.3%,1.48,1.10,35.8%,48.7%,298,5.6,0.43,4.8%,3.5%,123.8%,23.5%
round2b_fine_tuning_S0-6_rT-.6_vT-5-1.2,"[0, 6]",-,0.6,-,-,1.2,✓,✓,✓,F/F/T,206.8%,44.5%,34.9%,1.28,1.25,32.3%,45.9%,351,5.2,0.50,-21.8%,69.2%,87.5%,23.7%